[
  {
      "id": 1,
      "titulo": "Front-End",
      "descricao": "O curso de Front-End é projetado para ensinar os fundamentos do desenvolvimento de interfaces de usuário interativas e atraentes. Aprenda a utilizar HTML, CSS e JavaScript para criar websites responsivos, otimizados e visualmente atraentes. Explore as melhores práticas de design de interface, técnicas de acessibilidade e ferramentas populares de desenvolvimento Front-End.",
      "slug": "Prof. Bruno Clemente",
      "alunos": [
          {
              "nome": "João",
              "matricula": 123456,
              "nota": 74.67
          },
          {
              "nome": "Maria",
              "matricula": 789012,
              "nota": 81.67
          },
          {
              "nome": "Pedro",
              "matricula": 345678,
              "nota": 63.83
          },
          {
              "nome": "João Pedro",
              "matricula": 123456,
              "nota": 74.67
          },
          {
              "nome": "Ana Maria",
              "matricula": 789012,
              "nota": 81.67
          },
          {
              "nome": "Pedro Lucas",
              "matricula": 345678,
              "nota": 63.83
          },
          {
              "nome": "João Luiz",
              "matricula": 123456,
              "nota": 74.67
          },
          {
              "nome": "Maria Clara",
              "matricula": 789012,
              "nota": 81.67
          },
          {
              "nome": "Pedro Vinicius",
              "matricula": 345678,
              "nota": 63.83
          },
          {
              "nome": "João Paulo",
              "matricula": 123456,
              "nota": 74.67
          },
          {
              "nome": "Carlos",
              "matricula": 789012,
              "nota": 81.67
          },
          {
              "nome": "Pedro",
              "matricula": 345678,
              "nota": 63.83
          },
          {
              "nome": "Ana",
              "matricula": 901234,
              "nota": 78.33
          }
      ]
  },
  {
      "id": 2,
      "titulo": "Back-End",
      "descricao": "No curso de Back-End, você mergulhará no mundo do desenvolvimento de sistemas e aplicativos server-side. Domine as principais linguagens de programação, como Python, Java ou Ruby, e aprenda a criar APIs, gerenciar bancos de dados e lidar com a lógica de negócios por trás das aplicações web. Este curso fornecerá o conhecimento necessário para construir e manter a infraestrutura de servidores e garantir o bom funcionamento dos sistemas.",
      "slug": "Prof. Milton Cesar",
      "alunos": [
          {
              "nome": "João",
              "matricula": 123456,
              "nota": 74.67
          },
          {
              "nome": "Maria",
              "matricula": 789012,
              "nota": 81.67
          },
          {
              "nome": "Pedro",
              "matricula": 345678,
              "nota": 63.83
          },
          {
              "nome": "Ana",
              "matricula": 901234,
              "nota": 78.33
          },
          {
              "nome": "Carlos",
              "matricula": 567890,
              "nota": 72.33
          },
          {
              "nome": "Juliana",
              "matricula": 234567,
              "nota": 85.0
          },
          {
              "nome": "Fernanda",
              "matricula": 890123,
              "nota": 94.33
          },
          {
              "nome": "Lucas",
              "matricula": 456789,
              "nota": 74.17
          },
          {
              "nome": "Mariana",
              "matricula": 678901,
              "nota": 83.33
          }
      ]
  },
  {
      "id": 3,
      "titulo": "Back-End II",
      "descricao": "No curso de Back-End II, você mergulhará mais a fundo no desenvolvimento de sistemas e aplicativos server-side. Aprofunde seus conhecimentos em linguagens de programação como Python, Java ou Ruby e aprenda a criar APIs robustas, gerenciar bancos de dados avançados e implementar a lógica de negócios complexa por trás das aplicações web. Este curso permitirá que você se torne um especialista em infraestrutura de servidores e garanta o bom funcionamento dos sistemas.",
      "slug": "Prof. Maycon Guedes",
      "alunos": [
          {
              "nome": "João",
              "matricula": 123456,
              "nota": 70.0
          },
          {
              "nome": "Maria",
              "matricula": 789012,
              "nota": 81.67
          },
          {
              "nome": "Pedro",
              "matricula": 345678,
              "nota": 73.33
          },
          {
              "nome": "Ana",
              "matricula": 901234,
              "nota": 77.5
          },
          {
              "nome": "João",
              "matricula": 123456,
              "nota": 70.0
          },
          {
              "nome": "Maria",
              "matricula": 789012,
              "nota": 81.67
          },
          {
              "nome": "Pedro",
              "matricula": 345678,
              "nota": 73.33
          },
          {
              "nome": "Ana",
              "matricula": 901234,
              "nota": 77.5
          },
          {
              "nome": "Carlos",
              "matricula": 567890,
              "nota": 70.0
          },
          {
              "nome": "Juliana",
              "matricula": 234567,
              "nota": 85.0
          },
          {
              "nome": "Fernanda",
              "matricula": 890123,
              "nota": 92.5
          },
          {
              "nome": "Lucas",
              "matricula": 456789,
              "nota": 74.17
          },
          {
              "nome": "Mariana",
              "matricula": 678901,
              "nota": 86.67
          }
      ]
  },
  {
      "id": 4,
      "titulo": "Lógica de Programação",
      "descricao": "No curso de Lógica de Programação, você irá adquirir as habilidades fundamentais para a programação de computadores. Aprenda a pensar de forma lógica, resolver problemas algorítmicos e desenvolver algoritmos eficientes. Este curso fornecerá uma base sólida para sua jornada como programador, independentemente da área específica em que você deseja atuar.",
      "slug": "Prof. Archimedes Detoni",
      "alunos": [
          {
              "nome": "João",
              "matricula": 123456,
              "nota": 70.0
          },
          {
              "nome": "Maria",
              "matricula": 789012,
              "nota": 81.67
          },
          {
              "nome": "Pedro",
              "matricula": 345678,
              "nota": 73.33
          },
          {
              "nome": "Ana",
              "matricula": 901234,
              "nota": 77.5
          },
          {
              "nome": "Carlos",
              "matricula": 567890,
              "nota": 70.0
          },
          {
              "nome": "Juliana",
              "matricula": 234567,
              "nota": 85.0
          },
          {
              "nome": "Fernanda",
              "matricula": 890123,
              "nota": 92.5
          },
          {
              "nome": "Lucas",
              "matricula": 456789,
              "nota": 74.17
          },
          {
              "nome": "Mariana",
              "matricula": 678901,
              "nota": 86.67
          }
      ]
  },
  {
      "id": 5,
      "titulo": "UX Design",
      "descricao": "O curso de UX Design irá explorar os princípios e técnicas essenciais para a criação de experiências de usuário envolventes. Aprenda a conduzir pesquisas de usuário, criar wireframes, protótipos interativos e realizar testes de usabilidade. Compreenda como aplicar princípios de psicologia cognitiva e design centrado no usuário para melhorar a usabilidade e a satisfação do usuário em diversos contextos.",
      "slug": "Prof. Bruno Clemente",
      "alunos": [
          {
              "nome": "João",
              "matricula": 123456,
              "nota": 70.0
          },
          {
              "nome": "Maria",
              "matricula": 789012,
              "nota": 81.67
          },
          {
              "nome": "Pedro",
              "matricula": 345678,
              "nota": 73.33
          },
          {
              "nome": "Ana",
              "matricula": 901234,
              "nota": 77.5
          },
          {
              "nome": "Carlos",
              "matricula": 567890,
              "nota": 70.0
          },
          {
              "nome": "Juliana",
              "matricula": 234567,
              "nota": 85.0
          },
          {
              "nome": "Fernanda",
              "matricula": 890123,
              "nota": 92.5
          },
          {
              "nome": "Lucas",
              "matricula": 456789,
              "nota": 74.17
          },
          {
              "nome": "Mariana",
              "matricula": 678901,
              "nota": 86.67
          }
      ]
  }
]
